{"dim":512,"embedding":[-0.062765,-0.091999,0.030223,-0.088400,-0.024708,0.015467,0.000196,-0.012463,-0.028652,-0.055401,0.035607,0.050171,-0.040494,-0.036282,0.086099,-0.001856,0.069141,0.000475,-0.032984,0.011618,-0.018754,0.036730,-0.019109,-0.045488,0.014947,-0.047951,0.011283,-0.019370,0.014112,-0.030190,-0.005598,-0.025210,0.015457,-0.007149,0.006160,-0.056476,0.074578,-0.008403,-0.021019,-0.010392,0.119550,0.013034,-0.060507,0.022215,0.035606,0.019734,0.053077,-0.040313,-0.000931,-0.034468,0.017832,-0.004526,-0.071178,0.032619,0.027178,-0.065444,-0.009435,-0.015135,-0.035841,0.003807,0.040016,0.023980,-0.049821,-0.061444,-0.040174,-0.001215,0.081809,-0.026011,0.002362,-0.060867,-0.005398,-0.037267,0.038402,-0.043078,0.032373,0.018678,-0.012442,-0.027734,-0.064519,-0.001963,0.020926,-0.002508,-0.038766,-0.036018,-0.028964,0.089502,0.094871,-0.059301,0.021083,0.007304,-0.006340,0.046823,0.046654,-0.076814,0.043895,-0.032166,0.087923,-0.058572,0.041892,0.101084,0.075634,-0.068751,0.039894,0.051630,0.040033,0.069605,0.044010,0.009615,-0.055405,-0.130030,-0.004572,-0.047541,-0.000893,-0.023058,0.028868,-0.014120,-0.035042,0.026806,0.038629,-0.068199,0.054046,0.091508,0.005327,0.032063,-0.010329,0.073771,-0.010788,0.022576,-0.084489,-0.070930,-0.001878,0.039140,-0.050973,-0.011988,-0.003328,-0.050402,0.024274,-0.008464,0.009033,0.031568,-0.007089,0.015468,0.060662,0.040838,0.002746,0.038910,-0.049236,0.016366,0.034410,0.021805,-0.005605,0.007824,-0.047555,0.011100,0.030957,-0.010387,0.009252,0.036148,-0.033206,-0.076340,-0.071569,0.018381,-0.027351,0.020191,0.006058,0.001750,-0.021039,-0.044025,-0.056114,-0.033036,0.002720,-0.035040,0.080699,-0.028800,0.033464,-0.094213,-0.015294,0.025590,0.075530,0.035746,0.077294,-0.065819,-0.015602,-0.039357,0.017020,0.025086,0.002048,0.015863,0.028118,0.066558,-0.003352,0.011071,-0.018107,-0.000076,-0.000743,-0.010264,0.072037,0.032846,-0.103174,0.044996,0.008619,0.017291,-0.015848,-0.019845,-0.067228,0.065502,0.049646,0.013118,-0.025651,-0.025489,-0.014949,-0.019181,-0.042481,0.117027,0.005780,-0.001093,-0.049268,0.007833,-0.010720,0.021990,0.031115,0.026554,0.000575,0.041900,0.064207,-0.036202,-0.019222,-0.081609,-0.045880,-0.033631,-0.025655,-0.025390,0.039626,-0.020347,0.085706,0.010728,0.037802,0.022673,0.000834,-0.009205,-0.017374,0.002831,-0.037973,-0.062536,0.126766,-0.033669,0.085897,0.072619,0.029235,0.007406,-0.041245,0.045122,0.042875,0.034166,-0.050356,0.023015,0.034577,0.020669,-0.044111,0.038512,-0.023214,-0.038023,0.000074,0.013340,-0.003289,0.043517,0.085616,0.058353,-0.055877,0.051462,-0.041305,-0.074586,0.081051,0.071945,-0.031845,-0.032781,0.012723,-0.039491,0.028512,0.039852,-0.007450,0.075451,0.013471,0.019756,0.034089,0.060960,0.024040,-0.052648,-0.011429,-0.062412,-0.037007,-0.058673,-0.086813,0.062040,-0.014724,-0.026848,0.018339,-0.022960,0.057411,-0.022283,-0.021239,-0.020720,0.122786,0.045953,0.066397,0.090581,0.041697,-0.057200,0.020350,0.013055,0.060048,0.083878,0.002647,-0.037523,-0.007206,0.004899,0.020667,-0.017891,-0.000894,0.004570,0.032582,-0.076065,-0.036708,-0.056991,0.065688,-0.026014,-0.036058,0.004211,0.001242,-0.001908,-0.061882,-0.065241,0.039794,0.001035,0.043981,-0.060141,0.020963,-0.013333,-0.060391,0.027742,0.037401,0.076025,0.026944,0.038144,0.002645,-0.034821,-0.020043,-0.000864,-0.023704,-0.096438,0.068351,-0.007249,0.033857,-0.033093,0.034262,0.020117,0.003293,-0.022614,-0.010182,-0.032415,-0.041859,0.033638,0.009068,0.014198,0.032998,-0.009714,0.044111,-0.016209,-0.009079,0.116708,0.023192,-0.070704,0.017228,0.111033,0.008963,0.014223,0.051615,-0.003479,0.065785,-0.079162,-0.006552,0.087607,-0.015793,-0.039132,0.065696,-0.030775,-0.023191,0.004065,-0.016074,0.025572,-0.002004,-0.019739,0.061330,-0.004552,-0.000513,-0.053275,-0.040847,0.001121,0.008166,0.047468,-0.026655,-0.024290,0.001212,-0.004991,-0.005853,0.044055,-0.086601,0.040958,-0.038803,-0.025282,-0.027372,0.036490,-0.005350,-0.068937,0.094577,0.003485,-0.032787,0.028776,0.035152,-0.013300,-0.021327,-0.033695,-0.047000,0.064133,-0.031255,-0.084865,0.005463,0.021605,0.053558,0.010030,0.042038,-0.040926,0.072224,-0.017572,-0.060351,0.020311,0.059890,0.012239,0.065278,-0.043600,0.022539,-0.041833,-0.060795,-0.027386,-0.048889,-0.051760,0.056253,0.011545,0.023139,0.019865,-0.032340,-0.020832,-0.072596,-0.009779,0.011380,-0.048936,0.038235,-0.007110,0.039331,0.022403,-0.033103,0.000593,-0.091798,0.034210,-0.012280,-0.013045,0.076853,0.038006,0.025513,0.005861,0.064401,-0.017302,-0.061250,0.014657,-0.022715,-0.019194,0.020804,0.014707,0.083692,0.107741,-0.008805,0.038959,-0.052925,-0.016826,-0.032704,-0.045329,0.001718,0.003268,0.031568,-0.075258,0.038919,-0.007064,-0.044951,0.023941,0.006307,-0.019441,0.029537,0.024460,-0.087919,-0.066420,0.028489,-0.043361,0.107137,0.029171,-0.012107,-0.003709,0.015596,0.042629,0.043276,0.006158,-0.042158,0.025467]}
