{"dim":512,"embedding":[-0.022283,0.080433,-0.021935,0.028444,-0.068722,-0.012187,-0.020520,0.027596,-0.069749,0.078773,0.011040,-0.041190,-0.023279,-0.047828,-0.059100,0.068139,-0.009585,-0.004187,0.019495,0.011864,0.038111,0.030927,-0.021763,0.033556,-0.006907,-0.028921,-0.013942,-0.001017,-0.004109,0.018337,-0.021632,0.013482,-0.079448,-0.037234,-0.024483,-0.036878,-0.001703,0.006173,-0.023023,0.046263,-0.100814,0.063084,-0.015945,0.001772,0.064462,-0.008766,0.074984,-0.021871,-0.044598,-0.002052,0.005751,-0.021744,0.028396,-0.001837,-0.031019,0.010409,-0.001873,-0.003390,0.007668,-0.091891,-0.035451,0.036930,-0.062192,-0.003384,-0.095272,-0.034694,-0.048967,-0.010049,0.028543,0.013888,-0.004111,-0.020899,-0.042263,-0.055744,-0.047261,0.011775,0.046672,0.047092,-0.036936,-0.070978,-0.018986,0.088495,0.020317,0.043673,0.036996,0.037793,0.022029,0.003856,-0.020894,0.013447,-0.021833,-0.024266,0.029541,-0.078940,-0.013572,0.000662,-0.002490,-0.041039,-0.068828,-0.081585,0.043410,-0.029629,0.080492,0.052190,-0.057623,0.049181,-0.004232,-0.042862,-0.094105,0.041589,0.032030,-0.083287,0.005655,-0.019180,-0.032728,0.062535,0.023399,0.057499,-0.005839,0.057723,-0.011979,-0.051498,-0.049237,0.015277,0.038725,-0.052601,0.056940,0.000878,0.004434,0.052099,-0.025748,-0.030471,0.077105,-0.067697,-0.046503,0.039322,-0.051353,0.016771,0.074320,0.020924,-0.003191,0.012662,-0.034829,0.063281,-0.040754,-0.090751,0.060332,-0.053693,0.065394,0.030513,0.062614,-0.004660,-0.003086,-0.009080,-0.059707,-0.005378,-0.063774,-0.021157,-0.101957,0.044577,-0.025147,-0.018748,0.027384,0.054087,-0.051664,0.030437,-0.023887,0.032946,0.027737,-0.050281,-0.056158,0.047205,0.041810,-0.006948,-0.023818,-0.020151,-0.011256,0.020776,0.033331,-0.039424,-0.023883,0.056765,0.026466,0.061307,-0.003146,-0.045296,-0.045646,0.084073,-0.055135,-0.012686,-0.052858,0.024739,0.036303,0.029665,0.042547,-0.055287,-0.051464,-0.040949,0.025021,-0.015117,0.073537,0.029813,-0.085799,0.026495,0.051503,0.066316,0.030164,0.060288,0.054046,-0.064698,0.058132,0.030305,0.011393,-0.028709,0.049562,0.045554,0.011388,-0.005310,-0.039804,0.017053,-0.000186,0.015711,0.007732,0.019057,-0.027565,-0.036865,0.022313,0.060889,0.016582,-0.027741,-0.033315,-0.031294,-0.037695,0.083288,0.025974,0.026701,-0.024361,0.012129,-0.050859,-0.040322,-0.007198,0.065628,-0.100788,0.015506,0.026184,-0.028311,-0.032359,0.000554,-0.001441,-0.008885,-0.031840,-0.002824,0.038575,-0.056773,0.000771,-0.018456,-0.013002,-0.037253,-0.007790,0.008895,0.033339,0.023367,0.003488,-0.013201,0.027865,-0.072365,-0.042451,0.027623,-0.017304,0.012260,-0.016541,0.001805,0.125379,-0.027821,0.013510,-0.019704,-0.005896,0.004842,0.028242,0.004434,0.032284,-0.000050,-0.045271,0.006388,-0.012993,-0.011606,-0.041602,-0.011071,-0.030057,-0.006842,0.020279,0.024869,0.010435,0.043459,-0.049618,-0.000598,0.011807,-0.012321,0.038046,-0.094770,-0.036256,0.006720,-0.006369,0.053626,-0.070206,-0.011273,0.080028,-0.021352,-0.013979,0.060325,0.089807,0.026559,0.000492,0.074174,-0.018496,0.040950,0.007316,0.014228,0.003206,0.117586,0.067291,0.002360,0.025441,0.069553,0.060617,0.066525,0.003361,0.001400,0.037751,0.003753,0.012120,0.003379,-0.003351,-0.060084,0.003303,0.059529,0.032445,0.060576,0.027072,0.049273,-0.054109,0.008375,0.001007,-0.022911,-0.028193,0.041522,0.043647,0.011472,0.023541,0.030631,0.029515,0.002187,0.032560,0.025802,0.073869,0.003464,0.008952,0.033626,-0.049383,0.009141,-0.039341,0.048831,0.035422,0.001220,-0.069280,-0.010838,0.027689,-0.028502,-0.130743,0.024600,-0.031753,0.002547,0.029998,-0.079946,0.038741,-0.095802,0.019397,0.074741,0.013278,-0.018351,0.008379,0.011136,0.011366,0.014018,0.036258,-0.003323,-0.061964,-0.011160,0.000582,-0.058784,0.053310,0.072659,-0.014096,-0.000118,0.038642,0.047583,0.011766,0.017311,-0.022352,0.067719,0.021019,0.067677,0.044717,-0.006234,-0.075335,0.073666,-0.023250,0.053086,-0.008822,0.057984,-0.073840,0.033799,0.037801,0.039728,-0.023488,0.001618,0.118146,0.078596,-0.025314,0.039425,0.013137,-0.025422,0.053545,-0.054464,-0.019123,-0.011245,0.047101,-0.028447,0.050419,-0.000892,-0.025585,0.059095,0.062554,-0.005254,0.033657,-0.043932,-0.049852,0.010582,0.026061,-0.127080,0.007885,-0.019571,-0.029507,0.021156,0.032578,-0.025541,0.019038,-0.045117,0.054070,0.055653,0.106980,-0.009262,-0.029141,-0.057626,0.048076,0.039746,0.009644,0.105226,0.054715,-0.005696,-0.084717,0.055751,0.011526,-0.030926,-0.007827,-0.059894,-0.097213,0.062103,0.043149,-0.087003,0.024494,-0.048384,-0.004509,-0.075049,0.016369,-0.000944,0.060775,-0.024861,-0.028912,0.011721,-0.126263,-0.005928,0.089178,0.038621,-0.043467,-0.046589,-0.061325,0.050400,-0.015584,0.007252,0.008235,-0.024968,-0.044916,0.032481,0.009575,-0.011049,-0.013528,0.106348,0.030708,0.071116,-0.074700,0.002750,-0.099646,-0.010286,0.059605,-0.051072,-0.002414,-0.036292,0.031567,-0.020992,0.021074,0.096735]}
