{"dim":512,"embedding":[0.046480,-0.004036,-0.086056,0.018468,0.021920,-0.028991,-0.014595,-0.030355,-0.048496,0.040006,0.025852,-0.042686,0.024541,-0.050221,-0.049638,0.062957,0.058232,0.001586,0.036562,0.019532,-0.010078,0.002607,0.024089,0.040747,0.030002,-0.015817,0.005980,-0.016015,-0.055972,-0.013234,0.044967,0.012934,-0.058023,0.015340,0.001622,0.016097,0.030734,-0.002907,-0.024810,0.052141,-0.094788,0.057331,0.026057,-0.008004,0.043684,-0.038965,0.132451,-0.048406,-0.041734,0.004280,0.043678,-0.028918,-0.004478,-0.025918,0.044497,0.014961,0.010953,-0.009086,-0.022037,-0.022241,-0.012463,-0.013141,-0.045039,0.042204,-0.034864,0.003340,-0.053377,0.058259,0.053642,0.030725,0.017861,0.025123,-0.056233,-0.048197,-0.020173,0.071979,0.074178,0.023814,-0.024872,-0.095407,0.014973,0.101122,0.011107,0.018039,0.064046,0.077690,-0.064000,0.008783,0.021646,-0.016912,-0.043936,-0.003403,-0.021293,0.001820,-0.060190,-0.023876,-0.005370,-0.038834,0.003960,-0.086476,0.038130,0.051935,0.001370,0.087050,-0.017464,0.040001,-0.019561,-0.002249,-0.065111,0.051543,0.042063,-0.095197,0.060930,-0.032119,-0.043674,0.023816,0.014955,0.019815,0.026343,0.072573,0.020817,-0.046259,-0.026890,0.040455,0.007152,-0.103832,-0.032486,-0.038803,0.005295,0.008900,-0.039409,-0.006040,0.038072,-0.039752,0.013210,0.000179,0.028708,0.030330,0.022858,0.018205,-0.011907,0.003789,0.021897,0.070712,-0.003485,-0.078018,0.060845,-0.111138,0.054334,-0.001587,0.087260,-0.021465,0.007299,-0.005383,0.002323,-0.034138,-0.065181,0.025020,-0.106611,-0.000533,-0.048945,0.012386,0.013654,0.036459,-0.029516,0.021400,-0.052855,0.025497,0.020269,0.018575,-0.029912,-0.008371,0.060767,0.032714,-0.030431,0.005586,0.020228,0.018198,0.043229,-0.016812,0.014815,0.058680,0.005462,0.012608,0.019253,-0.084860,-0.032252,0.066394,-0.048719,-0.016252,0.025548,0.038998,0.013934,-0.012452,0.046560,-0.059531,-0.080167,-0.009938,0.001198,-0.055760,0.063169,0.063493,-0.074636,0.019063,0.009259,0.047742,0.002193,0.044183,0.024706,-0.005751,0.044207,0.063448,0.013319,0.016799,0.070743,-0.021223,-0.021549,-0.027639,-0.010857,0.066402,0.041495,0.010490,-0.025377,0.024066,-0.023814,-0.006982,0.106235,0.008085,-0.032438,-0.056019,-0.044108,-0.046787,-0.002553,0.022765,-0.054866,0.051030,-0.045849,-0.040028,-0.022471,-0.035230,0.018689,0.048888,-0.073179,-0.016968,0.018868,-0.024254,-0.072564,0.025419,0.006614,-0.009524,-0.005384,0.020929,0.028967,-0.077225,0.011534,-0.005771,0.006081,-0.009573,0.020293,-0.043507,-0.005776,0.045652,0.020451,-0.020267,0.009213,-0.008698,-0.088433,-0.025845,-0.015644,-0.018231,-0.038358,-0.029300,0.110296,-0.019415,0.019309,-0.060503,0.024158,0.045764,0.034518,0.056199,0.023676,-0.020786,0.021018,-0.044648,0.013325,-0.003327,-0.054007,-0.032505,0.007800,-0.012861,-0.052485,-0.007755,0.021263,0.006445,-0.050807,0.014285,0.004374,-0.013147,-0.010752,-0.120836,-0.004567,0.003496,-0.020961,-0.004544,-0.040986,-0.073153,0.050971,0.005377,-0.026654,0.080232,0.072244,0.027079,0.004239,0.014499,-0.020894,0.047381,-0.057256,0.028922,-0.016301,0.096323,0.063010,-0.018449,0.024668,0.041273,0.047798,0.025712,0.009179,0.018357,0.038721,0.036132,0.063680,0.004173,-0.046488,-0.044116,-0.017506,0.086571,0.011685,0.012935,-0.006165,-0.028116,-0.036230,-0.011854,-0.001016,-0.031785,-0.045693,0.074525,-0.001153,0.056297,0.002441,0.031142,0.033416,-0.052055,-0.006785,-0.001948,0.021708,0.056355,0.066852,-0.019775,-0.040381,-0.033262,-0.010567,-0.003624,0.035913,-0.003631,-0.051075,0.012207,-0.001802,-0.081120,-0.079099,0.016642,-0.048123,-0.055677,0.056578,-0.079089,0.041385,-0.016684,0.017471,0.058932,0.031104,0.050659,-0.031834,0.018540,0.022451,0.044592,0.039496,-0.007743,-0.047477,-0.072905,0.082031,-0.063781,0.014705,0.109901,0.024558,0.035741,0.030846,0.011990,0.029724,0.018803,-0.024896,0.076600,-0.015765,0.042976,-0.013846,-0.076642,-0.022981,0.077508,0.021313,0.074363,-0.024261,0.037663,-0.106013,0.062675,0.011865,0.021533,-0.060610,-0.047523,0.112374,0.064158,-0.060778,0.057272,-0.002871,-0.020042,-0.033160,-0.062810,-0.014946,-0.009715,0.065148,-0.022959,0.079567,-0.003280,-0.070260,0.013049,0.042005,0.019850,0.002903,-0.045740,-0.052253,0.037291,0.032243,-0.054081,0.036566,-0.023525,0.016421,0.048026,-0.030531,-0.052340,0.034871,-0.036896,0.059744,0.036400,0.039659,-0.082010,-0.036553,-0.044391,-0.015418,0.048590,-0.019393,0.016791,0.026523,-0.002472,-0.021015,0.042900,-0.023369,0.027012,0.038363,-0.114461,-0.039320,0.002999,0.043190,-0.076749,-0.033320,-0.034643,-0.022403,-0.098977,0.000243,-0.011093,0.062951,0.039543,-0.043229,0.041868,-0.103263,-0.012866,0.051002,0.109179,-0.052055,-0.060770,-0.058812,0.041672,0.008913,-0.057651,-0.017844,0.003443,-0.110068,0.004112,-0.007806,-0.048484,-0.033312,0.097610,0.028128,0.060731,-0.013029,0.020220,-0.095892,0.009905,0.025123,-0.036611,0.046333,-0.027532,0.037433,-0.066549,0.019963,0.098745]}
